7C380900-1B96-4615-978E-89E02E2C89D0,DebugDriverDxe
ECEBCB00-D9C8-11E4-AF3D-8CDCD426C973,HttpBootDxe
098ED901-C6BF-4D20-91E2-A39F0C084A8D,QuickSpi
A6885402-D022-4B0E-A509-4711B90F2A39,ReportStatusCodeRouterSmm
4AA65902-3ED3-43B3-A52B-FC1D6C077AE4,AhciBusPei
9C7CCB02-9154-4864-9E4B-DC0487E37660,DhcpDummyDxe
93B80003-9FB3-11D4-9A3A-0090273FC14D,IsaSerialDxe
65986603-43BC-4ABF-94D8-5A58847381A6,SiliconPolicyDxe
93B80004-9FB3-11D4-9A3A-0090273FC14D,PciBusDxe
FEEA2404-752E-4E6E-823C-877D848CB12B,AsfSecureBootDxe
310B3904-0728-4977-A90C-06B8ECD85A9F,BootOptionService
29CBB005-C972-49F3-960F-292E2202CECD,FspNotifyPhasePeim
AB5B2206-1FD7-4274-9B71-B94B99C4F0C0,OemPxeBoot
CA515306-00CE-4032-874E-11B755FF6866,DataHubStdErrDxe
7F865306-830D-4DC2-8E9A-B7856F925A0A,SupplicantDriver
943D4107-5D78-4233-A382-6260062C554C,DgrReleasePpam11
4A0F0F08-EE19-4FE2-85B1-9AB4718D17D0,BiosSelfHealingSmm
79CA4208-BBA1-4A9A-8456-E1E66A81484E,Legacy8259
D684FB08-8B0E-4CAF-8CFF-1EA386279809,HybridGraphicsSmm
6AD37609-A9F9-4587-9023-7820E10F5B7A,HiiLayoutPkgDxe
CE1F0D0A-2E92-4EBA-A171-AD89125CEE87,ValidateExtendedBiosRegionPostMem
42857F0A-13F2-4B21-8A23-53D3F714B840,CapsuleRuntimeDxe
A428AD0A-5034-4E37-8F9D-DB2CE72A59B3,L05SmbiosOverride
1B45CC0A-156A-428A-AF62-49864DA0E6E6,PEI apriori file
B674D90A-9BDA-410D-A26C-14D6AFFEBD6E,CompalCMFCDxe
B674D90A-9BDA-410D-A26C-14D6AFFEBD6F,CompalEDIDDxe
E764500B-E398-4AB7-BBBC-99A8E683681F,MeSmbiosDxe
8D5EA70B-02EB-48D8-BEAB-459778C5DE1F,SmmConfidentialMem
6D4BAA0B-F431-4370-AF19-99D6209239F6,BiosGuardServices
0541150C-E33B-4DAF-A263-02E4BB4BF1CF,SecurityErrorHandlingDxe
202A2B0E-9A31-4812-B291-8747DF152439,Ps2MouseDxe
BDFE430E-8F2A-4DB0-9991-6F856594777E,EhciDxe
2366C20F-E15A-11E3-8BF1-E4115B28BC50,HttpDxe
07F10C10-DB2F-47D6-8390-06C7DACD9CA9,C38_Gsync
356C2B12-3124-4451-BF66-B502D88A0074,XhciDxe
CB933912-DF8F-4305-B1F9-7B44FA11395C,AcpiPlatform
52C05B14-0B98-496C-BC3B-04B50211D680,PeiCore
56BBC314-B442-4D5A-BA5C-D842DAFDBB24,PlatformInitAdvancedPreMem
D5D09015-B5F7-4084-9D23-B74E8EEDD8F4,C38BatFwUpdate
3307DD15-23BA-4546-A004-FCBCC47D4A49,SiliconPolicyPeiPreMem
EA7F0916-B5C8-493F-A006-565CC2041044,FspS3Notify
A3527D16-E6CC-42F5-BADB-BF3DE177742B,UsbCbiDxe
94734718-0BBC-47FB-96A5-EE7A5AE6A2AD,Dhcp4Dxe
54D7CC18-492A-4B43-AD9E-A461D81F82B5,PchInitFspTgl
27BEDA18-AE2B-43C2-AF6B-74952441DE28,MonitorKeyDxe
490D0119-4448-440D-8F5C-F58FB53EE057,PolicyInitAdvancedDxe
15446019-9170-436A-A981-CC7521E9D7F9,Usb4PlatformPei
AF78501A-D6D2-4ADC-9E2D-D288D2333DDA,BatteryWu
2D1E361C-7B3F-4D15-8B1F-66E551FABDC7,SaLateInitSmm
79E4A61C-ED73-4312-94FE-E3E7563362A9,PrintDxe
EEEE611D-F78F-4FB9-B868-55907F169280,PlatformInitPreMem
A74D7B1D-0393-40D7-9AB2-0AE36CF3F1E8,TraceHubPostCodeHandlerPei
4723931D-F8AD-45BF-AC1F-929F7BA88E7F,ValidateExtendedBiosRegionDxe
EC68A61D-7420-44AB-AADA-4278B700D9B2,OemCMFCSecureBoot
8A97B11E-EE8E-11E2-B664-047D7B99E097,AcpiOverride
504F2F1F-E7EB-46F9-AA07-0606F311AA1A,SmmPlatform
579A7D1F-C166-4D0D-ADDB-B20B8B768B72,TmeInitDxe
4FB2CE1F-1A3A-42E3-BD0C-7B84F954189A,AcpiCallbacksSmm
A5683620-7998-4BB2-A377-1C1E31E1E215,TcgDxe
FC5C7020-1A48-4198-9BE2-EAD5ABC8CF2F,BdsDxe
4A64C620-1CEF-40A0-BE1C-EED6B20ECCE9,MrcHealthDataInit
6D3D1021-E7FC-42C2-B301-ECE9DB198287,LegacySpeakerPei
8B48D921-54F7-11E4-9FF3-047D7B99E097,WirelessDeviceSupportDxe
38A0EC22-FBE7-4911-8BC1-176E0D6C1DBD,IsaAcpiDxe
86D70125-BAA3-4296-A62F-602BEBBB9081,DxeIpl
A20F7425-BC87-47D1-945C-637603323584,PlatformConfigTool
6B1AB225-2E47-4A61-8FF5-B8EA42EE3EA8,SecureFlashDxe
821ACA26-29EA-4993-839F-597FC021708D,AbtAgentInst
CCCB0C28-4B24-11D5-9A5A-0090273FC14D,GraphicsConsoleDxe
979CF528-40CF-4715-88AF-516885A3151D,WlanFw
7D655829-26DD-4342-96AD-04899477C3FA,SpiSmmStub
B0C2372B-9393-4CBC-9CAF-53913C9DCE29,FlashDeviceFvbRuntimeDxe
AD92822B-30C8-49B1-8AF3-63CCDF19B07F,DxeSmmIoLibSmm
525B672C-8C8F-0361-AE8E-565EE0F563B8,MemInfoDxe
9622E42C-8E38-4A08-9E8F-54F784652F6B,AcpiSupportDxe
605CED2C-583B-4171-9311-AA6E146B1A4B,SerialIoI2cDriver
59ADD62D-A1C0-44C5-A90F-A1168770468C,PlatformInitPostMem
1BA0062E-C779-4582-8566-336AE8F78F09,Volume Top File
C464322E-3DC4-49AD-B9FD-AF1B56B2249B,HwAssetDxe
3E963A2F-E728-4218-98D8-CB9E22215320,CrisisRecoveryPei
4BD0EB2F-3A2D-442E-822D-753516F75424,PchInitDxeTgl
CE366D33-B057-4C03-8561-CAF17738B66F,WdtAppDxe
33FB3535-F15E-4C17-B303-5EB94595ECB6,SmmLockBox
ACD28235-075B-48B5-98A1-DA04FCAF84F3,SiInitDxe
B981A835-6EE8-4F4C-AE0B-210AA0BFBF01,RngDxe
E3E8BA35-541F-4EF1-BFB8-75F02A26CC75,HybridGraphicsPei
CC1BAA36-11EB-45CC-9ADC-7565E273AC70,PnpSmm
4E22BF36-C59D-47C4-9FD1-25A603D75958,SaInitFsp
C2E5D736-0771-42AC-B99F-1B7F1CA5610A,FileAccessPei
6FD18837-36E6-46EC-8F61-6730E3E23D50,JhiDxe
ED769C37-F526-444A-8D70-249BEFF04948,L05UpdateSlp20
BC05DC37-9DA0-4050-9728-F34DDB01E200,BiosRegionLockDxe
8850A239-2043-4EF8-BD71-481377654327,OemPost
D434ED39-8EDD-4FF8-91BF-4B11AFE85471,SwapAddressRangeDxe
7694F439-369A-4CEF-BE80-2D7C6CCAA052,ModernPreloadSmm
346B093A-9002-4E99-A2F2-27A16C3DCD89,OemModifyOpRegion
76ED893A-B2F9-4C7D-A05F-1EA170ECF6CD,IntelGraphicsPeim
910CC93A-F2B7-4630-884D-625D570FACF6,IshCapsuleDxe
BB67A43B-C7AE-4299-A275-7526DC697735,PlatformStatusCodeHandlerPei2
E622443C-284E-4B47-A984-FD66B482DAC0,BootManagerPolicyDxe
5E0AD13C-014B-4921-9966-ACDEB04F3CC7,RemapIommuPei
FDFF263D-5F68-4591-87BA-B768F445A9AF,Tcg2Dxe
2D6BB83D-84A2-404A-B4CA-3E7AC0EFB3D2,BootOptionPolicyDxe
B2109E3E-5196-4D32-A874-7EC644D968A6,FmpUpdateDxe
5DFAE03E-9C19-4996-85BF-65297BD4137F,PlatformVTdSampleDxe
1034183F-AF0A-4716-BE0E-4CB5319D6193,PciHotPlugNonRpDxe
24DDC83F-9F06-44AB-B696-60FE7DF2C948,RstVmdPeim
1009A840-C625-42B3-A94B-B90F991B1B1A,NhltInstallTable
B219E140-DFFC-11E3-B956-0022681E6906,DnsDxe
2D59F041-53A4-40D0-A6CD-844DC0DFEF17,SmmS3SaveState
A3610442-E69F-4DF3-82CA-2360C4031A23,ReportStatusCodeRouterPei
F9D88642-0737-49BC-81B5-6889CD57D9EA,SmbiosDxe
D0EF5E43-66E5-4189-8118-7BEDA3F8A88C,OemC38Feature
11456644-B7AC-4F38-B4D7-09DF13170EF8,OemI2CAutoDetect
55E76644-78A5-4A82-A900-7126A5798892,HeciInit
42FCB444-B881-49D8-A6E9-5A1695FC9F3E,SysPassword
95E48D45-1DEA-4F7F-B3CC-14DA3C1B7E36,PlutonPei
8401A045-6F70-4505-8471-7015B40355E3,UsbBusPei
0CEFD645-588E-4ED7-9943-054808CD7572,SiFirmwareVersionDxe
D4695647-7D01-4D96-AC7E-BB90EEE29EB9,H2OCryptoServicesPostMemPei
6903A447-CB4F-45F6-89A2-7E7E2F9EE14C,InstallMsdm
5CE3BD49-95F6-4B4B-95F6-45851557280A,CompalEcRomLock
5853694A-467F-4464-BBF9-0C971A74CB36,L05UefiDriveIdentification
F540704A-50B5-4BB6-93A8-377EA20F1030,CirqueTpDxe
12A5DC4A-88AA-89DA-89D0-D4547191E3F4,RstUefiDriverSupport
F7731B4C-58A2-4DF4-8980-5645D39ECE58,PowerMgmtDxe
C642C14C-0E9C-4AEF-94A5-A213BAA35DE0,HstiResultDxe
22A5BB4D-F962-4D33-9CD6-FDAD39ACD153,PlatformBoardIdPei
D7B10D4E-67E6-4C74-83E9-F9AF0ACC33CC,PchInitSmm
2883464E-3CA2-4F4D-B903-21A1E3F61471,PchXhciPei
760F874E-B8CB-405E-AA32-A46AE2F3D680,VariableDefaultUpdate
22EA234F-E72A-11E4-91F9-28D2447C4829,HttpUtilitiesDxe
98C5594F-9759-11E2-9F93-047D7B99E097,SecureBootService
53BCC14F-C24F-434C-B294-8ED2D4CC1860,DataHubDxe
9B3ADA4F-AE56-4C24-8DEA-F03B7558AE50,PcdPeim
076FBF50-EF83-4B77-912C-D5BB77075AE3,CompalThermalDxe
9E1CC850-6731-4848-8752-6673C7005EEE,FspInitPreMem
EB00DB50-C654-460F-8D7A-0E444FD32B45,DebugMaskPei
F5255151-DD1F-4BD9-A350-235200798740,UpdateDsdtByAcpiSdtDxe
B2C9CD52-86B3-4031-B830-8BD84495ABC8,HddSpinDownDxe
B0D6ED53-B844-43F5-BD2F-61095264E77E,PchSmiDispatcher
88C17E54-EBFE-4531-A992-581029F58126,FspPcdInit
44A20657-10B8-4049-A148-ACD8812AF257,Tcg2Smm
80CF7257-87AB-47F9-A3FE-D50B76D89541,PcdSmmDxe
FCCCE259-07E1-417A-A755-E0F2CF39295E,CpuInitDxe
D27FED59-ABB4-4FED-BEAD-2A878C7E4A7E,SmbiosMeasurementDxe
3D17205B-4C49-47E2-8157-864CD3D80DBD,FatPei
F2CC3F5B-725F-4290-9A12-B379970295FF,RtkUndiDxe
D06D425B-EED7-0361-AAD2-8C431409572D,BootGuardRecoveryHookPei
7C7D635B-8B9C-463C-9F7F-91F60906848F,DgrReleaseSpsSmmEntryPoint
9C452F5C-6200-4AA6-8068-F44B4F36D41E,H2OKeyDescDxe
F122A15C-C10B-4D54-8F48-60F4F06DD1AD,LegacyBiosDxe
C556155D-1B26-4C76-AF9B-54B97C83D739,BiosFlashProtectSmm
1405AD5E-5BED-11E3-866A-047D7B99E097,Slp20ServiceDxe
58B35361-8922-41BC-B313-EF7ED9ADFDF7,SecMigrationPei
96BDEA61-C364-4513-B6B3-037E9AD54CE4,SetSsidSvidDxe
348C4D62-BFBD-4882-9ECE-C80BB1C4783B,HiiDatabase
1353DE63-B74A-4BEF-80FD-2C5CFA83040B,GifDecoderDxe
121D5264-990F-4716-8061-C2144A7D4D0D,DxeDgOpregionInit
AE265864-CF5D-41A8-913D-71C155E76442,CpuIoPei
378D7B65-8DA9-4773-B6E4-A47826A833E1,PcRtc
B0ACD066-C5A6-4FBE-B4D4-5A264E45AF1C,PciResourceInitPei
36914867-7EBB-4C12-A7BA-BA51191B0424,BiosGuard_SBB
70D57D67-7F05-494D-A014-B75D7345B700,StorageSecurityCommandDxe
1A7E4468-2F55-4A56-903C-01265EB7622B,TcpDxe
26C9D769-9167-4537-8219-D9F5FC2378BE,CompalUsbTypeCDxe
2818256A-6BDB-4871-993C-95315854012E,EdidOverrideDxe
80B08E6A-C6CE-430F-9C07-52A9526DB0F9,CompalWSMTDxe
33C6406D-2F6B-41B5-8705-52BAFB633C09,AsfDxe
3ACC966D-8E33-45C6-B4FE-62724BCD15A9,AhciBusDxe
2707E46D-DBD7-41C2-9C04-C9FDB8BAD86C,JpegDecoderDxe
87C2106E-8790-459D-BD44-2EF32A68C3F9,IhisiServicesSmm
69F04F6E-BCCF-45F8-894E-2C68088F94FF,I2cKbDxe
1F28B56E-D26A-48FD-9FAC-9E18A2C5BBDB,CnvUefiVariables
0469CF6E-1A81-4FFF-AC00-1608472EA307,MsdmUpdateSmm
531AED6E-3DEE-45EB-8DF1-B70ADB1F885D,TrueTypeDecoderDxe
6DB9486F-6AF6-4090-984D-238482CE3EA4,BdatAccessHandler
7A2A4270-38BA-45C6-B53C-C83B342D5B15,TisPei
3D154670-6015-4425-B9C5-8035E34BE6FD,NvmExpressPei
128FB770-5E79-4176-9E51-9BB268A17DD1,PciHostBridgeDxe
839EB770-5C64-4EED-A6D5-EC515B2B2B23,PlatformVTdInfoSamplePei
A610E170-08AF-11E3-A05F-047D7B99E097,ConfigurationVariable
A8C6A171-5478-4A7C-9EB6-655C6CCC4E3A,InsydeReportFvPei
25264B72-7A80-4856-A7EC-15802270EE1B,CrbSampleKeyCheckDxe
AD608272-D07F-4964-801E-7BD3B7888652,MonotonicCounterRuntimeDxe
C8339973-A563-4561-B858-D8476F9DEFC4,Metronome
A622AB73-1E7F-43C8-A465-0D5B267F1A37,MicrowindowsDxe
A210F973-229D-4F4D-AA37-9895E6C9EABA,DpcDxe
A2760074-ED4C-4719-8382-C942CBF16D85,DisplayTypeDxe
76EB2674-B3F2-4489-BB6D-E2448F7EF614,BiosSelfHealingPei
8B778A74-C275-49D5-93ED-4D709A129CB1,AbtDxe
B8E62775-BB0A-43F0-A843-5BE8B14F8CCD,BootGraphicsResourceTableDxe
3DC82376-637B-40A6-A8FC-A565417F2C38,Ps2KeyboardDxe
400B4476-3081-11D6-87ED-00062945C3B9,LegacySpeakerDxe
D38FC876-0B17-4D95-A7F8-A022ECA1CA42,MeExtMeasurement
CE248B77-1179-4BC6-B324-9D2EDC4B976E,PchAhciPei
A0C98B77-CBA5-4BB8-993B-4AF6CE33ECE4,Tcg2Pei
6F7E5A78-6F5E-42F4-9C30-8E144182C5D6,ProjectHookPei
6F7E5A78-6F5E-42F4-9C30-8E144182D5F9,CompalCommonHookPei
59287178-59B2-49CA-BC63-532B12EA2C53,SmbusSmm
1C8B7F78-1699-40E6-AF33-9B995D16B043,PiSmmCommunicationPei
C613EC78-63ED-4B93-ACD4-54B3D4CCC268,NetworkLockerDxe
13863F79-D94B-4205-BB0F-E4E06AAA5A4E,DelayUefiRaidOprom
FF189B79-F558-4B6A-8A78-6FCD2B4B0E3C,FrontPageDxe
5FE18A7A-9C7B-4CAF-AAC0-595136C2032C,AbsolutV20Dxe
BA25E07A-E253-442C-90FF-B4C92FAD6990,UsbMassStoragePei
65DAE07A-F33A-4B43-8149-22267CAF1B86,SynaReflash
6069277B-246B-45D5-BD6D-81820E10C11F,CommonSmiCallBackSmm
27F4917B-A707-4AAD-9676-26DF168CBF0D,SpiSmm
7755CA7B-CA8F-43C5-889B-E1F59A93D575,IntelGopDriver
2E67047C-7647-40F8-886C-5C333C73272F,InitSerialPortPei
CB7A797C-57D9-4616-88B4-624213967BD7,CompalDptf
4AC99A7C-1DCF-4A51-8F06-5EEDFE8A8864,CryptoServiceRuntimeDxe
EBF8ED7C-0DD1-4787-84F1-F48D537DCACF,DriverHealthManagerDxe
06B5947E-FF53-457D-98BC-C5ABC777FD5A,SetupMouseDxe
B147CD7E-17D3-4D66-AB39-472B1DA659C1,UefiTableDxe
D6A2CB7F-6A18-4E2F-B43B-9920A733700A,DxeCore
F099D67F-71AE-4C36-B2A3-DCEB0EB2B7D8,WatchdogTimer
80060E80-2C20-429E-946B-1C89097F0BED,VariableServiceDxe
EDE17980-C86B-476C-9809-669F36CED8AA,FocalTpDxe
C62CEB80-FB40-4A46-A5E5-C1D997C36DFC,CapsuleLoaderTriggerDxe
CC043281-112F-441C-805D-6D8DB3659618,BbstableHook
9370D781-EC98-4D3C-B88B-F8676A54BDEA,BiosGuard_PBBr
2E58E381-3D7C-43D4-9A89-8D331362A2C0,BiosPostLogoDiyDxe
5F59B483-73A4-4507-AC11-A1D26EFA187B,SmbiosProcessorDxe
3D64F384-CA32-42C6-A629-42A494B2CB4A,TpmCapsuleDxe
2BDED685-F733-455F-A840-43A22B791FB3,AcpiS3SaveDxe
1A1E4886-9517-440E-9FDE-3BE44CEE2136,CpuDxe
39C28A86-9097-48DA-B424-6C13E3D391FA,CompalEcDxeDrv
39C28A86-9197-481A-B424-6C13E3D391FA,CompalEcSmmDrv
D359DE86-0A1B-47BC-95D2-1D1F8FFF0AD8,ChipsetSvcSmm
6141E486-7543-4F1A-A579-FF532ED78E75,ResetSystemPei
ADCCA887-5330-414A-81A1-5B578146A397,TgaDecoderDxe
E8571188-00C1-4ED4-B14E-E38451351EC4,HddPassword
D2ABC888-AE13-4E3B-BCEE-5DE368FA4E72,MsegSmramPeim
2DEBAA89-2D51-485F-A2FA-2A62F9422364,HiiStringLanguageService
7537E889-FC63-42D2-B400-F7646C45CEE3,CastroCovePmicNvm
CA84408A-0929-4F11-BFED-18C7D9576C6B,PlatformInitDxe
B6DC988A-3D85-414D-888F-7816263533D8,UcodeCapsuleDxe
343FF38A-32E2-48B3-910F-37E7FE9EF72E,MeCapsuleDxe
5A21048B-A049-4AB8-9003-9B86C6215D65,BtGAcmCapsuleDxe
C1D5258B-F61A-4C02-9293-A005BEB3EAA1,PngDecoderDxe
FA20568B-548B-4B2B-81EF-1BA08D4A3CEC,BootScriptExecutorDxe
32EA828B-523B-44CB-B7A4-7E0A2A49956C,FmacDriver
00160F8D-2B35-4DF2-BBE0-B272A8D631F0,FirmwarePerformanceDxe
F0F1588E-9028-4EB8-8031-F233B48EA0B7,PxeDummyDxe
34E5798E-F44F-4526-A08C-39BCA6E8D7D5,EarlyProgramGpioPei
96107C8E-9490-4767-9D0D-5590F1F6E1FC,PhysicalPresenceDxe
8045548F-FD94-458A-9BC8-BEADB5733D46,AbtDisk
34C8C28F-B61C-45A2-8F2E-89E46BECC63B,PeiVariable
043DF38F-32E1-4893-911F-37A7FE91F723,CapsuleProcessorDxe
C7DAF48F-4787-11E4-9077-047D7B99E097,VariableRuntimeProtectionDxe
77449790-D60E-4B65-8BCF-7E174537C1DE,HddPasswordPei
68B09391-751F-46FF-A4D6-71B8502F52AB,KeyboardLayoutDxe
42293093-76B9-4482-8C02-3BEFDEA9B35D,TcgSmm
529D3F93-E8E9-4E73-B1E1-BDF6A9D50113,ArpDxe
4E35FD93-9C72-4C15-8C4B-E77F1DB2D793,FvCnvUnCompact
53E65F94-B418-4541-9A12-18839A56B427,Thc
C7EA9F94-1547-44F0-863F-563EAE79E1C0,TianoCompressSmm
697CFA95-B1F2-4ED7-A0D2-7AC6E47B3C99,HybridGraphicsDxe
03068297-DDA5-4CCD-BBFA-7E09AE025177,I2cTouchPanelDxe
B8BA8298-AF29-4FA3-9D10-27A8478BB6A7,PchInitDxeFsp
07709C98-414A-4039-B7D0-29C21F105E92,AcpiPlatformFeatures
E503CA98-B63E-4592-9BCD-5A4452355134,SmmResourceCheckDxe
2B8EFD98-FF63-42B8-BCF3-F53615D15536,AbtSetup
19342D99-FF4E-4798-A3E0-FA36C961CCFE,PdtCapsuleDxe
99F03B99-98D8-49DD-A8D3-3219D0FFE41E,Mtftp6Dxe
47F48C99-CB23-4CF8-9D7D-CE7C86EF22A3,UsbTouchPanelDxe
FBE0E499-2EBE-4421-A237-B21435FB7145,VariableServiceSmm
51CCF399-4FDF-4E55-A45B-E123F84D456A,ConPlatformDxe
EEC9BC9A-2907-4D59-8B86-D1EC67DE62E1,GenericMemoryTestDxe
1967DD9B-B72C-4328-8C80-D4ACFC83FDF8,PciHotPlugDxe
2AA8F59B-102D-4096-8FCD-B64422C637B5,UefiDiagnosticsApp
6D29159C-CC7A-4757-8185-42DDB2BECB89,CompalWSMTSmm
2892389C-FBE9-43D7-B9FC-6C5D90D18456,TisDxe
5CD9649D-2874-4834-802B-C559C94703AE,Usb4CmDxe
95E3669D-34BE-4775-A651-7EA41B69D89E,Dhcp6Dxe
EDADEB9D-DDBA-48BD-9D22-C1C169C8C5C6,CpuMpPei
ECA2AE9E-7594-4901-871C-449DA1A11660,I2cDxe
62EAE09E-0351-490C-8A3C-5EC1060E44E0,OemCustomMode
1705E39E-C353-11E2-A187-047D7B99E097,SetupMenuService
1FA1F39E-FEFF-4AAE-BD7B-38A070A3B609,PartitionDxe
4F1F379F-2A62-48BB-AC34-D3F135C6E2B7,PcatSingleSegmentPciCfg2Pei
FC10589F-7C24-42CC-BC08-96E591B4F36D,CompalPlatformSmm
F906769F-4AED-4A0D-8C7C-FF21B9D1051A,IntelVTdPmrPei
77B8B39F-6720-4D34-91A0-87496D34B129,OemBrightness
3935B0A1-A182-4887-BC56-675528E78877,SetupUtilityApp
F3A3FCA1-466F-4978-AC84-2EA70FAE2BA2,AsfSecureBootSmm
091AAEA3-09A9-40F6-9864-0139388A9F8C,XhciPei
A8F634A5-28F1-4456-A9D5-7E24B99BDB65,PcxDecoderDxe
A9F634A5-29F1-4456-A9D5-6E24B88BDB65,BmpDecoderDxe
960241A5-5CE6-4EBF-B9C4-E37D294BEBA9,FspWrapperPeim
31E147A6-D39A-4147-9DA3-BEFD4D523243,CdExpressPei
E052D8A6-224A-4C32-8D37-2E0AE162364D,SmbusDxe
2BE1E4A6-6505-43B3-9FFC-A3C8330E0432,TcgPei
9FB4B4A7-42C0-4BCD-8540-9BCC6711F83E,UsbMassStorageDxe
8FAAD0A7-02B4-432F-8F5C-B880965D8B41,SmmCommunicationBufferDxe
B2DA2CA8-7259-4F79-64A4-F712625ED2C9,SbbDigest
A7732DA8-11AA-4366-9715-CD92CFB7D362,SataController
E21F35A8-42FF-4050-82D6-93F7CDFA7073,PiSmmCommunicationSmm
56752DA9-DE6B-4895-8819-1945B6B76C22,IntelGopVbt
A8F14FA9-FC88-45F4-A622-F06E6C56E632,FirmwareBootMediaInfoPei
FF626DA9-17EE-4949-A8B8-B10FA0044E9F,EsrtFmpDxe
83EC90A9-D791-4613-9C57-68C3DE923C3B,MeSmbiosUpdateConfig
BDFE5FAA-2A35-44BB-B17A-8084D4E2B9E9,FvbServicesRuntimeDxe
2D2E62AA-9ECF-43B7-8219-94E7FC713DFE,UsbMouseDxe
C4700DAB-41B6-4FDF-CCAA-E39736FFF2BA,I2cPlatformSpecificDxe
044310AB-77FD-402A-AF1A-87D4120E7329,FirmwarePerformanceSmm
6D6963AB-906D-4A65-A7CA-BD40E5D6AF2B,Udp4Dxe
80A845AC-210F-43B0-995B-477BE41AB4E8,SiInitFsp
131B73AC-C033-4DE1-8794-6DAB08E731CF,FspInit
3C4836AE-B24B-40E3-B24B-9448ED095BFE,SpiDxe
31FD7EAF-80A7-435E-8E0A-3F185F8667DD,UsbCoreDxe
2C7314B0-A18E-4DAF-8B23-1F21D41572A8,HddSpinDownSmm
89E549B0-7CFE-449D-9BA3-10D8B2312D71,S3Resume2Pei
11BFBEB0-FE77-4362-84FB-4F961E7BB2ED,H2OFormDialogDxe
7CFACBB0-B515-4970-AE98-38F540E73482,H2OVerifyRegionDxe
C3E69EB2-0429-4BD6-AE4A-8CA02FBACC2E,AdvancedAcpiDxe
E86897B3-0148-4B4A-95A1-4C80271693A9,RtkSupplicant
F655D0B3-615D-4022-9645-0D1F2E9DF78A,CompalCMFCOEMSwSmi
9E5DAEB4-4B91-4466-9EBE-81C7E4401E6D,H2OFormBrowserDxe
5820EEB4-C135-4854-9D2A-AA9EFC4475E9,MeFwDowngrade
6B38F7B4-AD98-40E9-9093-ACA2B5A253C4,DiskIoDxe
240612B5-A063-11D4-9A3A-0090273FC14D,IsaBusDxe
B5F33FB5-66D5-4901-BAF1-F0C774FC6588,VgaDriverPolicyDxe
0C88B3B5-6A1D-4657-AA88-1B7D92FF3699,CompalCMFCCommonSwSmi
7B7B65B6-E350-4139-8FE4-665772D32A47,IhisiSmm
CD3BAFB6-50FB-4FE8-8E4E-AB74D2C1A600,EnglishDxe
240612B7-A063-11D4-9A3A-0090273FC14D,UsbBusDxe
440C38B7-ED16-49EA-9669-317EF906635D,I2cMasterDxe
DC3641B8-2FA8-4ED3-BC1F-F9962A03454B,Mtftp4Dxe
ACD88BB8-D466-4B8A-8DA5-EC6407A83B28,NvmeHealthDxe
B5D0D3B8-4B79-4A48-B981-24201FAF200C,H2OVerifyRegionPei
B40612B9-A063-11D4-9A3A-0090273FC14D,UsbBotDxe
453253B9-A204-46E4-B873-CA2249DA4888,SmbiosUpdateDxe
C26B2DBB-83B2-4AF2-BBD7-D4558036DE11,EcCapsuleDxe
7CAB68BB-3164-4CE8-A513-B1343B5208BB,RtlWlanUndi8852be
BDCE85BB-FBAA-4F4E-9264-501A2C249581,S3SaveStateDxe
D912C7BC-F098-4367-92BA-E911083C7B0E,Udp6Dxe
F04D6DBD-1200-4C74-9EC9-B306C9EB0F38,FirmwareAuthenticationPei
7B3F16BE-79CD-4A78-A27E-B329B1DF500D,H2ODisplayEngineLocalMetroDxe
D54D3DBE-CE19-489F-8EDE-9FE2F7238650,RestDxe
EDA765BE-5EE9-4F62-A716-29CAAC4BE701,OemC38DebugPage
20E687BE-B09B-4DA1-BCFE-E804B3B97CE4,CsmeHealthDxe
91D211BF-37C2-495A-8DF7-9546BD2555C0,PpamPlatformSmm
C937B8BF-ECEB-4F42-907E-37A5D4C17B9D,CompalEepromDxe
9AD981C0-735F-11E3-A4C4-047D7B99E097,SwSmiInterfaceCoreSmm
CE3FA7C0-E9CA-11E2-9BF4-446D571553EB,LenovoStringService
3ACEB0C0-3C72-11E4-9A56-74D435052646,TlsDxe
9B0FF2C0-E245-11E1-8EFF-D0DF9A35C106,ChipsetSvcDxe
A8913EC1-C00C-4C3A-A245-077C0CA35738,AspmOverrideDxe
5D744BC4-CA94-4F8A-9C50-EBC2A107303E,SerialIoUartDriver
3EDBAAC4-5017-4870-8CC4-721F9EF1974F,CbmrApp
B601F8C4-43B7-4784-95B1-F4226CB40CEE,RuntimeDxe
4C862FC6-0E54-4E36-8C8F-FF6F3167951F,FaultTolerantWriteLiteDxe
4A4CA1C6-871C-45BB-8801-6910A7AA5807,BiosInfo
A52509C7-5ECD-42D1-85A2-46C37135D12D,GopPolicyDxe
025BBFC7-E6A9-4B8B-82AD-6815A1AEAF4A,MnpDxe
4B28E4C7-FF36-4E10-93CF-A82159E777C5,ResetSystemRuntimeDxe
1C652EC8-2347-44C1-93E0-D1BEE8C82FFC,SaInitDxeFsp
220E57C8-4E71-493F-91B8-0F7F820A1DA2,I2cMouseDxe
E0ECBEC9-B193-4351-A488-36A655F22F9F,SaveMemoryConfig
95EB69CA-0240-49F1-B03C-D5F9C19C00B8,MeUpdateFaultToleranceDxe
8376BDCA-5E03-4735-951A-4A74141E5886,TrEEConfigDxe
77651BCC-7262-484F-A74F-650821285D9D,BiosSelfHealingDxe
5BEDB5CC-D830-4EB2-8742-2D4CC9B54F2C,Ip6Dxe
79EACCCC-AD8F-4448-BBBC-9DB8C922AC62,AbtUnlock
EAA006CD-3256-789B-BD20-EBABCD02583F,SecureFlashPei
E94F54CD-81EB-47ED-AEC3-856F5DC157A9,PiSmmCore
C2239ACD-21D0-4CB0-B7DB-6D35EE7B0CC1,FirmwareRevisionSyncPei
9B680FCE-AD6B-4F3A-B60B-F59899003443,DevicePathDxe
7FECA3CE-F18C-4DCE-9465-4DEB949298C9,E021X7
B0A034CF-41CE-4104-8ED3-4F97E8ADB981,SioDummyDxe
2D2E62CF-9ECF-43B7-8219-94E7FC713DFE,UsbKbDxe
13AC6DD0-73D0-11D4-B06B-00AA00BD6DE7,EbcDxe
2CB67ED1-5498-45AA-9971-214964509195,SecurityEventPei
4D1514D2-FBDE-49C6-B20A-A40288A0D4AA,HstiIhvSmm
4BDC38D4-9AF5-4072-BF93-234A92420155,OemTacFunction
4B63A5D4-CB08-47CD-AFD9-BEA33A30F313,CrashLogDxe
0C8823D5-93FB-485C-AAFA-FA7B6BF0A27F,CompalEepromSmm
CBD2E4D5-7068-4FF5-B462-9822B4AD8D60,VariableRuntimeDxe
987555D6-595D-4CFA-B895-59B89368BD4D,IntelVTdDxe
767965D6-F35A-41A9-8BE4-695E92C32B47,CapsuleIFWUSmm
D9117BD7-0807-4F38-B773-AD86A791EAFC,SiInitPreMemFsp
79CD78D8-6EDC-4978-BD02-3299C387AB17,StatusCodeHandlerSmm
A47EE2D8-F60E-42FD-8E58-7BD65EE4C29B,CpuIo2Smm
D93CE3D8-A7EB-4730-8C8E-CC466A9ECC3C,ReportStatusCodeRouterRuntimeDxe
C779F6D8-7113-4AA1-9648-EB1633C7D53B,CapsulePei
CB73C3D9-2F01-4342-AE67-04DDE5264092,PlatformInitAdvancedSmm
B95E9FDA-26DE-48D2-8807-1F9107AC5E3A,UefiPxeBcDxe
2FA2A6DA-11D5-4DC3-999A-749648B03C56,PiSmmIpl
1CB1ADDA-D8DD-4C6E-8DEF-A0DACB2AEC83,RetimerCapsuleUpdate
17A269DE-7C35-4132-9EA0-A3EB5AB87F1E,PowerLostNotifyDxe
6CE6B0DE-781C-4F6C-B42D-98346C614BEC,HpetTimerDxe
5F53F1DE-E647-425D-8B59-2DDEE19E8C76,SecureBootMgrDxe
997FB7DF-DB23-40ED-A807-9612D2F4A3E8,TopSwapRestorePei
812BA1E0-6A75-4AE5-AD37-63D030974501,VtioDxe
6C8FAEE0-6521-477A-83BF-0D6598DD28A2,DgrReleasePpam11Manifest
ED92EAE0-C31C-4824-8802-35595EFA8287,WpbtDxe
2D513AE1-714B-4F93-A57A-0A0CDDF48ECC,BiosUpdateFaultToleranceDxe
183BB3E1-A1E5-4445-8AC9-0E83B6547E0E,CpuFeaturesPei
8B555AE2-4254-43A2-839E-4869604CCC9A,FspEndOfPei2Peim
C92652E3-C7DE-4C78-9577-1C897C51BFFA,HeciInitDxeFsp
AD416CE3-A483-45B1-94C2-4B4E4D575562,TcgMor
EDB396E3-2DDC-4396-BCA5-1202D3005AEA,Tcg2PhysicalPresenceDxe
C7D4F4E3-DAEA-40B0-8846-F4CAF3135CE8,BiosProtectDxe
66E6C2E4-0245-4545-8165-12322480AF31,AdvancedPmaxDxe
5AAB83E5-F027-4CA7-BFD0-16358CC9E453,WdtDxe
4DE01DE6-7CBB-4786-9F2A-9B9C7C97AC06,S3RestoreAcpiPei
3BCA86E6-FFDD-47F8-9E76-0D7E1706F6CF,ModernPreloadDxe
FC510EE7-FFDC-11D4-BD41-0080C73C8881,DXE apriori file
A19B1FE7-C1BC-49F8-875F-54A5D542443F,CpuIo2Dxe
C10194E7-DEB2-4AF4-9EEE-BFFDE4D7D4C7,TimestampDxe
6A0F22E8-69EE-4F1C-9336-69863FD96EE9,SecurityEventDxe
4FE772E8-FE3E-4086-B638-8C493C490488,PhysicalPresencePei
F80697E9-7FD6-4665-8646-88E33EF71DFC,SecurityStubDxe
A2F436EA-A127-4EF8-957C-8048606FF670,SnpDxe
12AEDBEA-392D-4E2A-8789-5F6DC6B23661,OemBadgingSupportDxe
B7358BEB-6A52-4D50-98F9-7EDD70B4B320,CommonPciPlatformDxe
03D56EEC-E196-4815-B91A-C4885A839043,CompalGlobalNvsDxe
F276BDEC-6C41-21E5-9E71-00A13807B45E,RestoreMtrrDxe
EEE8D8EC-40C2-159B-71C7-8796EEEF3FBC,HeciInit
408EDCEC-CF6D-477C-A5A8-B4844E3DE281,ConSplitterDxe
9F83F5ED-F407-4BD3-9B16-DC27A7016BBD,PlatformFirmwareVersionDxe
FB3D20EE-CB5D-45EE-BBAE-C5AAA9C0FDFA,ChipsetSvcPei
9B182CEE-AED5-4D95-B2A9-A2CF6CDFEAA8,OemAcpiPlatform
4D2E57EE-0E3F-44DD-93C4-D3B57E96945D,CpuS3DataDxe
BAEB5BEE-5B33-480A-8AB7-B29C85E7CEAB,FspGlobalDataInitPei
DE23ACEE-CF55-4FB6-AA77-984AB53DE811,SaInitDxe
7134E3EE-7FA6-4489-87A7-AE38984EAED8,DgrReleaseSps
3F7753EF-D36F-45CC-8A1A-2EAAFF1038B6,PciPlatform
2A5923F0-06FB-4A23-9D06-F976C7B3C312,PlatformStatusCodeHandlerDxe2
658D56F0-4364-4721-B70E-732DDC8A2771,TrustedDeviceSetupApp
35CA62F0-994C-40EC-8A94-ACF412811068,FdmInitPei
3AE3D6F0-6483-45D6-9395-303C9789208D,TrEEConfigPei
F0DCC7F1-C86B-43C2-813C-CC9E647DF035,CbmrDriver
6A79EBF1-BBB6-42A7-BDA1-5EACF52F2480,MotherBoardHealthDxe
98E419F2-4141-4004-BD7C-450D2B73E18C,H2OCryptoServicesPreMemPei
C6DF98F2-5EC0-4A94-8C11-9A9828EF03F2,WifiConnectionManagerDxe
60740CF3-D428-4500-80E6-04A5798241ED,HstiIhvDxe
8B013FF3-31D2-4693-83E6-59FA0C73F0E3,CompalCommonHookDxe
9B013FF3-31D2-4693-83E6-60FA0C73F0F7,CompalCommonHookSmm
9FB1A1F3-3B71-4324-B39A-745CBB015FFF,Ip4Dxe
28A03FF4-12B3-4305-A417-BB1A4F94081E,RamDiskDxe
DD1481F4-12F9-4D69-AC11-855FFAC32816,BiosGuard_PBB
5BE3BDF4-53CF-46A3-A6A9-73C34A6E5EE3,NvmExpressDxe
F84CFFF4-511E-41C8-B829-519F5152F444,LegacyBiosPlatformDxe
A3FF0EF5-0C28-42F5-B544-8C7DE1E80014,PiSmmCpuDxeSmm
ADF01BF6-47D6-495D-B95B-687777807214,FirmwarePerformancePei
F73938F6-B851-494F-A003-331B49408605,SataDevSleepDxe
F43F7EF6-6A33-427F-961B-6C4F412A977C,TraceHubPostCodeHandlerDxe
167CC1F7-F4AB-46CC-8773-6278056C14EB,BootMaintDxe
A0BAD9F7-AB78-491B-B583-C52B7F84B9E0,SmmControl
76504DF8-9D28-4099-8EC8-5A67CBE886B0,EsataBootControlDxe
87E4A8F8-B74A-40B5-B019-E10A5DE11236,VbiosHookSmm
1323C7F8-DAD5-4126-A54B-7A05FBF41515,SmmAccess
0D244DF9-6CE3-4133-A1CF-53200AB663AC,FspsWrapperPeim
4E4E97F9-63FF-4BDA-90BB-C6F943FA5100,PlatformStatusCodeHandlerSmm2
4FAB12FA-21D5-42A2-8260-E0CFA50C899B,MonolithicCapsuleDxe
74D936FA-D8BD-4633-B64D-6424BDD23D24,FwBlockServiceSmm
90BF2BFB-F998-4CBC-AD72-008D4D047A4B,PeiPciePhyFwLoadingInit
C4B4A7FB-D2E2-422C-4179-E5D46B1E1AA6,OneKeyRecovery
C4B8C7FB-D2E2-441C-BAD6-E5D46B1E1AA6,L05DxeServiceBody
E4ED28FD-13C1-40C4-B55A-C5260771A2CF,DeviceManagerDxe
8D3168FD-8CD5-4B35-9AA0-3C964D4CC14A,RstVmdDriver
C5046EFD-7BC3-4206-987C-32DA45026E6D,PlatformInitAdvancedDxe
FE3542FE-C1D3-4EF8-657C-8048606FF670,SetupUtility
961578FE-B6B7-44C3-AF35-6BC705CD2B1F,Fat
847BC3FE-B974-446D-9449-5AD5412E993B,BootManagerDxe
58B8E0FE-15B8-4915-A47B-774A50346211,ProjectHookDxe
9FAAD0FF-0E0C-4885-A738-BAB4E4FA1E66,FspmWrapperPeim
